id,name,price,category,image,rating,description
205,老板扫地机器人,2460.26,home,https://picsum.photos/seed/205/400/300,4.2,【产品特色】老板扫地机器人，除菌除螨，静音变频节能…
206,旺仔坚果礼包,24.65,food,https://picsum.photos/seed/206/400/300,4.8,【产品特色】旺仔坚果礼包，草莓味酸甜可口，饭后解腻…
207,康师傅沙琪玛,6.27,food,https://picsum.photos/seed/207/400/300,4.3,【产品特色】康师傅沙琪玛，提神抗疲劳，加班运动必备…
208,李宁睡袋,885.87,sports,https://picsum.photos/seed/208/400/300,4.1,【产品特色】李宁睡袋，大容量分层，背负系统减负…
209,雅漾乳液,327.12,cosmetics,https://picsum.photos/seed/209/400/300,4.1,【产品特色】雅漾乳液，自然服帖，遮瑕持妆…
210,北面冲锋裤,1040.21,sports,https://picsum.photos/seed/210/400/300,4.4,【产品特色】北面冲锋裤，缓震透气，适合长跑与日常通勤…
211,香奈儿爽肤水,1582.49,cosmetics,https://picsum.photos/seed/211/400/300,4.7,【产品特色】香奈儿爽肤水，提亮修护，深入肌底促吸收…
212,兰蔻粉底液,1412.39,cosmetics,https://picsum.photos/seed/212/400/300,4.4,【产品特色】兰蔻粉底液，修饰黄皮，提亮肤色隐形毛孔…
213,飞利浦破壁机,2109.72,home,https://picsum.photos/seed/213/400/300,4.2,【产品特色】飞利浦破壁机，上下独立控温，烘焙蛋糕披萨…
214,资生堂粉底液,1551.34,cosmetics,https://picsum.photos/seed/214/400/300,4.7,【产品特色】资生堂粉底液，修饰黄皮，提亮肤色隐形毛孔…
215,海蓝之谜喷雾,378.71,cosmetics,https://picsum.photos/seed/215/400/300,4.7,【产品特色】海蓝之谜喷雾，修饰黄皮，提亮肤色隐形毛孔…
216,匡威瑜伽垫,1661.58,sports,https://picsum.photos/seed/216/400/300,4.7,【产品特色】匡威瑜伽垫，宽松速干，适合篮球健身训练…
217,飞利浦破壁机,1825.09,home,https://picsum.photos/seed/217/400/300,4.7,【产品特色】飞利浦破壁机，多档风速，定时摇头送风广…
218,农夫山泉酸酸乳,81,food,https://picsum.photos/seed/218/400/300,4.7,【产品特色】农夫山泉酸酸乳，大颗粒入味，口感酥脆不脏手…
219,科颜氏乳液,1677.14,cosmetics,https://picsum.photos/seed/219/400/300,4.6,【产品特色】科颜氏乳液，补水不黏腻，维稳肌肤状态…
220,安踏羽毛球拍,1160.91,sports,https://picsum.photos/seed/220/400/300,4.7,【产品特色】安踏羽毛球拍，高弹性拍框，适合初学者…
221,乐事酸酸乳,83.15,food,https://picsum.photos/seed/221/400/300,4.6,【产品特色】乐事酸酸乳，香辣入味，休闲解馋小零食…
222,伊利酸菜面,70.92,food,https://picsum.photos/seed/222/400/300,4.9,【产品特色】伊利酸菜面，大颗粒入味，口感酥脆不脏手…
223,哥伦比亚睡袋,1162.44,sports,https://picsum.photos/seed/223/400/300,4.3,【产品特色】哥伦比亚睡袋，6mm加厚，减震隔音不硌身…
224,康师傅牛奶,78.7,food,https://picsum.photos/seed/224/400/300,4.4,【产品特色】康师傅牛奶，巧克力夹心，扭一扭泡一泡…
225,格力电饭煲,678.41,home,https://picsum.photos/seed/225/400/300,4.9,【产品特色】格力电饭煲，激光导航，自动回充洗拖布…
226,海尔冰箱,2431.49,home,https://picsum.photos/seed/226/400/300,4.5,【产品特色】海尔冰箱，静音节能不占地，冷藏保鲜…
227,北面羽毛球,1010.58,sports,https://picsum.photos/seed/227/400/300,4.1,【产品特色】北面羽毛球，冰感速干，透气排汗适合健身…
228,兰蔻粉底液,1689.92,cosmetics,https://picsum.photos/seed/228/400/300,4.5,【产品特色】兰蔻粉底液，舒缓敏感肌，补水定妆双用…
229,雅诗兰黛面霜,1576.57,cosmetics,https://picsum.photos/seed/229/400/300,4.7,【产品特色】雅诗兰黛面霜，定妆控油，细腻不卡粉…
230,旺仔瓜子,50.81,food,https://picsum.photos/seed/230/400/300,4.4,【产品特色】旺仔瓜子，大颗粒入味，口感酥脆不脏手…
231,科颜氏喷雾,1219.3,cosmetics,https://picsum.photos/seed/231/400/300,4.3,【产品特色】科颜氏喷雾，自然服帖，遮瑕持妆…
232,耐克运动鞋,565.79,sports,https://picsum.photos/seed/232/400/300,4.3,【产品特色】耐克运动鞋，冰感速干，透气排汗适合健身…
233,三只松鼠薯片,31.82,food,https://picsum.photos/seed/233/400/300,4.3,【产品特色】三只松鼠薯片，草莓味酸甜可口，饭后解腻…
234,纪梵希精华液,355.69,cosmetics,https://picsum.photos/seed/234/400/300,4.9,【产品特色】纪梵希精华液，提亮修护，深入肌底促吸收…
235,乐事瓜子,34.02,food,https://picsum.photos/seed/235/400/300,4.4,【产品特色】乐事瓜子，香甜浓郁，含乳量高，童年经典口味…
236,伊利薯片,34.55,food,https://picsum.photos/seed/236/400/300,4.1,【产品特色】伊利薯片，大块牛肉粒，汤汁浓郁方便速食…
237,红牛瓜子,5.74,food,https://picsum.photos/seed/237/400/300,4.9,【产品特色】红牛瓜子，颗粒饱满，每日坚果补充营养…
238,李宁运动T恤,632.8,sports,https://picsum.photos/seed/238/400/300,4,【产品特色】李宁运动T恤，6mm加厚，减震隔音不硌身…
239,统一酸酸乳,82.01,food,https://picsum.photos/seed/239/400/300,4.7,【产品特色】统一酸酸乳，草莓味酸甜可口，饭后解腻…
240,SK-II粉底液,1534.79,cosmetics,https://picsum.photos/seed/240/400/300,4.7,【产品特色】SK-II粉底液，显白不挑皮，持久显色…
241,北面羽毛球,1547.92,sports,https://picsum.photos/seed/241/400/300,4.1,【产品特色】北面羽毛球，6mm加厚，减震隔音不硌身…
242,探路者羽毛球,450.29,sports,https://picsum.photos/seed/242/400/300,4.8,【产品特色】探路者羽毛球，耐打稳定，适合日常训练…
243,海蓝之谜乳液,648.04,cosmetics,https://picsum.photos/seed/243/400/300,4.1,【产品特色】海蓝之谜乳液，自然服帖，遮瑕持妆…
244,匡威运动T恤,1129.24,sports,https://picsum.photos/seed/244/400/300,4.6,【产品特色】匡威运动T恤，冰感速干，透气排汗适合健身…
245,奥利奥酸菜面,30.48,food,https://picsum.photos/seed/245/400/300,4.5,【产品特色】奥利奥酸菜面，草莓味酸甜可口，饭后解腻…
246,美的落地扇,122.85,home,https://picsum.photos/seed/246/400/300,4,【产品特色】美的落地扇，快速加热，解冻杀菌多功能一体…
247,北面运动鞋,658.81,sports,https://picsum.photos/seed/247/400/300,4.2,【产品特色】北面运动鞋，6mm加厚，减震隔音不硌身…
248,飞利浦电烤箱,2189.38,home,https://picsum.photos/seed/248/400/300,4.8,【产品特色】飞利浦电烤箱，高压快煮，煲汤炖肉不费时…
249,哥伦比亚瑜伽垫,792.81,sports,https://picsum.photos/seed/249/400/300,4.5,【产品特色】哥伦比亚瑜伽垫，宽松速干，适合篮球健身训练…
250,匡威羽毛球拍,1735.81,sports,https://picsum.photos/seed/250/400/300,4.2,【产品特色】匡威羽毛球拍，宽松速干，适合篮球健身训练…
251,海尔电烤箱,587.96,home,https://picsum.photos/seed/251/400/300,4.4,【产品特色】海尔电烤箱，高压快煮，煲汤炖肉不费时…
252,乐事矿泉水,30.98,food,https://picsum.photos/seed/252/400/300,4.7,【产品特色】乐事矿泉水，酸爽开胃，泡面搭档火腿肠…
253,资生堂爽肤水,1535.88,cosmetics,https://picsum.photos/seed/253/400/300,4.8,【产品特色】资生堂爽肤水，紧致淡纹，保湿锁水适合熟龄肌…
254,九阳电热水壶,495.21,home,https://picsum.photos/seed/254/400/300,4.5,【产品特色】九阳电热水壶，除甲醛雾霾，智能联网控制…
255,乐事坚果礼包,27.2,food,https://picsum.photos/seed/255/400/300,4.2,【产品特色】乐事坚果礼包，松软香甜，早餐点心下午茶…
256,科颜氏粉底液,1999.93,cosmetics,https://picsum.photos/seed/256/400/300,4.7,【产品特色】科颜氏粉底液，修饰黄皮，提亮肤色隐形毛孔…
257,格力扫地机器人,2002.39,home,https://picsum.photos/seed/257/400/300,4.7,【产品特色】格力扫地机器人，上下独立控温，烘焙蛋糕披萨…
258,海蓝之谜隔离霜,986.41,cosmetics,https://picsum.photos/seed/258/400/300,4.3,【产品特色】海蓝之谜隔离霜，紧致淡纹，保湿锁水适合熟龄肌…
259,伊利矿泉水,22.31,food,https://picsum.photos/seed/259/400/300,4.6,【产品特色】伊利矿泉水，提神抗疲劳，加班运动必备…
260,小米空调,188.74,home,https://picsum.photos/seed/260/400/300,4.7,【产品特色】小米空调，除菌除螨，静音变频节能…
261,海尔破壁机,947.03,home,https://picsum.photos/seed/261/400/300,4.9,【产品特色】海尔破壁机，上下独立控温，烘焙蛋糕披萨…
262,小米冰箱,2356.37,home,https://picsum.photos/seed/262/400/300,4,【产品特色】小米冰箱，上下独立控温，烘焙蛋糕披萨…
263,海尔空气净化器,1553.49,home,https://picsum.photos/seed/263/400/300,4.8,【产品特色】海尔空气净化器，一级能效，静音制冷制热快…
264,耐克羽毛球拍,1986.05,sports,https://picsum.photos/seed/264/400/300,4.8,【产品特色】耐克羽毛球拍，抗菌吸汗，缓冲减震保护脚部…
265,徐福记功能饮料,74.96,food,https://picsum.photos/seed/265/400/300,4.5,【产品特色】徐福记功能饮料，薄脆鲜香，追剧必备零食…
266,松下空调,2678.48,home,https://picsum.photos/seed/266/400/300,4.3,【产品特色】松下空调，除甲醛雾霾，智能联网控制…
267,兰蔻隔离霜,1224.54,cosmetics,https://picsum.photos/seed/267/400/300,4.7,【产品特色】兰蔻隔离霜，提亮修护，深入肌底促吸收…
268,农夫山泉矿泉水,79.3,food,https://picsum.photos/seed/268/400/300,4.3,【产品特色】农夫山泉矿泉水，提神抗疲劳，加班运动必备…
269,匡威瑜伽垫,1272.33,sports,https://picsum.photos/seed/269/400/300,4,【产品特色】匡威瑜伽垫，冰感速干，透气排汗适合健身…
270,北面运动短裤,443.73,sports,https://picsum.photos/seed/270/400/300,4.5,【产品特色】北面运动短裤，耐打稳定，适合日常训练…
271,雅漾散粉,1912.25,cosmetics,https://picsum.photos/seed/271/400/300,4.2,【产品特色】雅漾散粉，提亮修护，深入肌底促吸收…
272,倩碧口红,463.41,cosmetics,https://picsum.photos/seed/272/400/300,4.5,【产品特色】倩碧口红，舒缓补水，调节肌肤水油平衡…
273,飞利浦破壁机,1521.33,home,https://picsum.photos/seed/273/400/300,4.2,【产品特色】飞利浦破壁机，柴火饭模式，智能预约保温…
274,徐福记坚果礼包,49.96,food,https://picsum.photos/seed/274/400/300,4.7,【产品特色】徐福记坚果礼包，大颗粒入味，口感酥脆不脏手…
275,兰蔻眼霜,831.44,cosmetics,https://picsum.photos/seed/275/400/300,4.5,【产品特色】兰蔻眼霜，提亮修护，深入肌底促吸收…
276,小米空调,1356.82,home,https://picsum.photos/seed/276/400/300,4.6,【产品特色】小米空调，除菌除螨，静音变频节能…
277,统一酸酸乳,81.45,food,https://picsum.photos/seed/277/400/300,4.7,【产品特色】统一酸酸乳，香辣入味，休闲解馋小零食…
278,三只松鼠酸菜面,79.62,food,https://picsum.photos/seed/278/400/300,4.3,【产品特色】三只松鼠酸菜面，颗粒饱满，每日坚果补充营养…
279,雅诗兰黛隔离霜,1601.05,cosmetics,https://picsum.photos/seed/279/400/300,4.1,【产品特色】雅诗兰黛隔离霜，提亮修护，深入肌底促吸收…
280,资生堂精华液,367.4,cosmetics,https://picsum.photos/seed/280/400/300,4.6,【产品特色】资生堂精华液，淡化黑眼圈，紧致眼周肌肤…
281,统一矿泉水,74.14,food,https://picsum.photos/seed/281/400/300,4.7,【产品特色】统一矿泉水，大颗粒入味，口感酥脆不脏手…
282,香奈儿眼霜,1416.1,cosmetics,https://picsum.photos/seed/282/400/300,4.3,【产品特色】香奈儿眼霜，定妆控油，细腻不卡粉…
283,苏泊尔洗衣机,1343.74,home,https://picsum.photos/seed/283/400/300,4.2,【产品特色】苏泊尔洗衣机，多档风速，定时摇头送风广…
284,匡威羽毛球,1215.63,sports,https://picsum.photos/seed/284/400/300,4.6,【产品特色】匡威羽毛球，6mm加厚，减震隔音不硌身…
285,安踏瑜伽垫,229.94,sports,https://picsum.photos/seed/285/400/300,4.5,【产品特色】安踏瑜伽垫，宽松速干，适合篮球健身训练…
286,李宁羽毛球拍,1466.94,sports,https://picsum.photos/seed/286/400/300,4.6,【产品特色】李宁羽毛球拍，6mm加厚，减震隔音不硌身…
287,安踏睡袋,1296.49,sports,https://picsum.photos/seed/287/400/300,4.1,【产品特色】安踏睡袋，高弹性拍框，适合初学者…
288,小米洗衣机,629.92,home,https://picsum.photos/seed/288/400/300,4.7,【产品特色】小米洗衣机，上下独立控温，烘焙蛋糕披萨…
289,耐克登山背包,1327.6,sports,https://picsum.photos/seed/289/400/300,4.5,【产品特色】耐克登山背包，冰感速干，透气排汗适合健身…
290,小米电饭煲,898.76,home,https://picsum.photos/seed/290/400/300,4.5,【产品特色】小米电饭煲，激光导航，自动回充洗拖布…
291,美的落地扇,1962.2,home,https://picsum.photos/seed/291/400/300,4.5,【产品特色】美的落地扇，一级能效，静音制冷制热快…
292,红牛矿泉水,41.98,food,https://picsum.photos/seed/292/400/300,4.7,【产品特色】红牛矿泉水，弱碱性天然水，家庭办公饮用水…
293,红牛酸菜面,97.19,food,https://picsum.photos/seed/293/400/300,4.2,【产品特色】红牛酸菜面，薄脆鲜香，追剧必备零食…
294,红牛功能饮料,32.39,food,https://picsum.photos/seed/294/400/300,4.8,【产品特色】红牛功能饮料，薄脆鲜香，追剧必备零食…
295,雅诗兰黛眼霜,1400.01,cosmetics,https://picsum.photos/seed/295/400/300,4.9,【产品特色】雅诗兰黛眼霜，自然服帖，遮瑕持妆…
296,海尔洗衣机,480.27,home,https://picsum.photos/seed/296/400/300,4.5,【产品特色】海尔洗衣机，静音节能不占地，冷藏保鲜…
297,兰蔻粉底液,732.06,cosmetics,https://picsum.photos/seed/297/400/300,4.7,【产品特色】兰蔻粉底液，修饰黄皮，提亮肤色隐形毛孔…
298,海蓝之谜散粉,1379.8,cosmetics,https://picsum.photos/seed/298/400/300,4.3,【产品特色】海蓝之谜散粉，修饰黄皮，提亮肤色隐形毛孔…
299,乐事酸酸乳,74.67,food,https://picsum.photos/seed/299/400/300,4.3,【产品特色】乐事酸酸乳，酸爽开胃，泡面搭档火腿肠…
300,飞利浦扫地机器人,662.06,home,https://picsum.photos/seed/300/400/300,4,【产品特色】飞利浦扫地机器人，柴火饭模式，智能预约保温…
301,哥伦比亚羽毛球,501.22,sports,https://picsum.photos/seed/301/400/300,4.4,【产品特色】哥伦比亚羽毛球，6mm加厚，减震隔音不硌身…
302,兰芝精华液,318.69,cosmetics,https://picsum.photos/seed/302/400/300,4.5,【产品特色】兰芝精华液，舒缓敏感肌，补水定妆双用…
303,洽洽瓜子,24.27,food,https://picsum.photos/seed/303/400/300,4.4,【产品特色】洽洽瓜子，薄脆鲜香，追剧必备零食…
304,彪马运动鞋,1117.34,sports,https://picsum.photos/seed/304/400/300,4.2,【产品特色】彪马运动鞋，6mm加厚，减震隔音不硌身…
305,洽洽坚果礼包,59.26,food,https://picsum.photos/seed/305/400/300,4.6,【产品特色】洽洽坚果礼包，大块牛肉粒，汤汁浓郁方便速食…
306,兰芝粉底液,165.24,cosmetics,https://picsum.photos/seed/306/400/300,4,【产品特色】兰芝粉底液，定妆控油，细腻不卡粉…
307,飞利浦冰箱,1617.26,home,https://picsum.photos/seed/307/400/300,4.7,【产品特色】飞利浦冰箱，快速烧开水，自动断电防干烧…
308,苏泊尔微波炉,735.16,home,https://picsum.photos/seed/308/400/300,4.7,【产品特色】苏泊尔微波炉，细腻研磨豆浆/米糊，低音不扰眠…
309,老板落地扇,2249.84,home,https://picsum.photos/seed/309/400/300,4.5,【产品特色】老板落地扇，上下独立控温，烘焙蛋糕披萨…
310,科颜氏乳液,1987.05,cosmetics,https://picsum.photos/seed/310/400/300,4.6,【产品特色】科颜氏乳液，舒缓敏感肌，补水定妆双用…
311,九阳电压力锅,2140.5,home,https://picsum.photos/seed/311/400/300,4.4,【产品特色】九阳电压力锅，快速加热，解冻杀菌多功能一体…
312,匡威运动T恤,1298.16,sports,https://picsum.photos/seed/312/400/300,4.9,【产品特色】匡威运动T恤，-10℃保暖，轻便易收纳…
313,苏泊尔扫地机器人,1729.68,home,https://picsum.photos/seed/313/400/300,4.9,【产品特色】苏泊尔扫地机器人，除菌除螨，静音变频节能…
314,海蓝之谜爽肤水,1915.71,cosmetics,https://picsum.photos/seed/314/400/300,4.3,【产品特色】海蓝之谜爽肤水，淡化黑眼圈，紧致眼周肌肤…
315,纪梵希散粉,739.55,cosmetics,https://picsum.photos/seed/315/400/300,4.2,【产品特色】纪梵希散粉，修饰黄皮，提亮肤色隐形毛孔…
316,彪马运动T恤,759.49,sports,https://picsum.photos/seed/316/400/300,4,【产品特色】彪马运动T恤，大容量分层，背负系统减负…
317,九阳电热水壶,2724.47,home,https://picsum.photos/seed/317/400/300,4.7,【产品特色】九阳电热水壶，上下独立控温，烘焙蛋糕披萨…
318,方太落地扇,2074.29,home,https://picsum.photos/seed/318/400/300,4.3,【产品特色】方太落地扇，快速烧开水，自动断电防干烧…
319,飞利浦冰箱,1749.53,home,https://picsum.photos/seed/319/400/300,4.7,【产品特色】飞利浦冰箱，除甲醛雾霾，智能联网控制…
320,彪马运动短裤,284.33,sports,https://picsum.photos/seed/320/400/300,4.2,【产品特色】彪马运动短裤，高弹性拍框，适合初学者…
321,雅诗兰黛口红,889.74,cosmetics,https://picsum.photos/seed/321/400/300,4.5,【产品特色】雅诗兰黛口红，修饰黄皮，提亮肤色隐形毛孔…
322,安踏运动袜,1112.3,sports,https://picsum.photos/seed/322/400/300,4.8,【产品特色】安踏运动袜，抗菌吸汗，缓冲减震保护脚部…
323,农夫山泉牛肉面,48.84,food,https://picsum.photos/seed/323/400/300,4.6,【产品特色】农夫山泉牛肉面，香甜浓郁，含乳量高，童年经典口味…
324,香奈儿口红,714.48,cosmetics,https://picsum.photos/seed/324/400/300,4.5,【产品特色】香奈儿口红，提亮修护，深入肌底促吸收…
325,资生堂乳液,1909.49,cosmetics,https://picsum.photos/seed/325/400/300,4.3,【产品特色】资生堂乳液，舒缓补水，调节肌肤水油平衡…
326,方太空调,2198.11,home,https://picsum.photos/seed/326/400/300,4.2,【产品特色】方太空调，静音节能不占地，冷藏保鲜…
327,海蓝之谜精华液,230.92,cosmetics,https://picsum.photos/seed/327/400/300,4.2,【产品特色】海蓝之谜精华液，舒缓敏感肌，补水定妆双用…
328,匡威瑜伽垫,357.38,sports,https://picsum.photos/seed/328/400/300,4.2,【产品特色】匡威瑜伽垫，抗菌吸汗，缓冲减震保护脚部…
329,SK-II乳液,630.32,cosmetics,https://picsum.photos/seed/329/400/300,4.1,【产品特色】SK-II乳液，舒缓敏感肌，补水定妆双用…
330,老板电饭煲,1529.51,home,https://picsum.photos/seed/330/400/300,4.6,【产品特色】老板电饭煲，静音节能不占地，冷藏保鲜…
331,兰芝口红,1050.13,cosmetics,https://picsum.photos/seed/331/400/300,4.5,【产品特色】兰芝口红，舒缓敏感肌，补水定妆双用…
332,统一辣条,24.31,food,https://picsum.photos/seed/332/400/300,4.9,【产品特色】统一辣条，香甜浓郁，含乳量高，童年经典口味…
333,九阳电饭煲,1784.83,home,https://picsum.photos/seed/333/400/300,4.3,【产品特色】九阳电饭煲，除菌除螨，静音变频节能…
334,北面羽毛球,1713.75,sports,https://picsum.photos/seed/334/400/300,4.6,【产品特色】北面羽毛球，宽松速干，适合篮球健身训练…
335,香奈儿精华液,1736.26,cosmetics,https://picsum.photos/seed/335/400/300,4.6,【产品特色】香奈儿精华液，定妆控油，细腻不卡粉…
336,匡威运动短裤,1854.24,sports,https://picsum.photos/seed/336/400/300,4.8,【产品特色】匡威运动短裤，抗菌吸汗，缓冲减震保护脚部…
337,李宁运动袜,694.24,sports,https://picsum.photos/seed/337/400/300,4.6,【产品特色】李宁运动袜，宽松速干，适合篮球健身训练…
338,李宁冲锋裤,872.55,sports,https://picsum.photos/seed/338/400/300,4.4,【产品特色】李宁冲锋裤，6mm加厚，减震隔音不硌身…
339,红牛矿泉水,51,food,https://picsum.photos/seed/339/400/300,4.4,【产品特色】红牛矿泉水，弱碱性天然水，家庭办公饮用水…
340,彪马羽毛球拍,1772.64,sports,https://picsum.photos/seed/340/400/300,4.2,【产品特色】彪马羽毛球拍，大容量分层，背负系统减负…
341,小米电热水壶,2005.32,home,https://picsum.photos/seed/341/400/300,4.6,【产品特色】小米电热水壶，细腻研磨豆浆/米糊，低音不扰眠…
342,彪马登山背包,683.55,sports,https://picsum.photos/seed/342/400/300,4.9,【产品特色】彪马登山背包，-10℃保暖，轻便易收纳…
343,小米扫地机器人,2628.79,home,https://picsum.photos/seed/343/400/300,4.3,【产品特色】小米扫地机器人，柴火饭模式，智能预约保温…
344,探路者运动短裤,791.63,sports,https://picsum.photos/seed/344/400/300,4.4,【产品特色】探路者运动短裤，防水防风，适合登山露营…
345,哥伦比亚瑜伽垫,1539.53,sports,https://picsum.photos/seed/345/400/300,4,【产品特色】哥伦比亚瑜伽垫，防水防风，适合登山露营…
346,飞利浦破壁机,254.51,home,https://picsum.photos/seed/346/400/300,4.7,【产品特色】飞利浦破壁机，快速加热，解冻杀菌多功能一体…
347,纪梵希面霜,301.32,cosmetics,https://picsum.photos/seed/347/400/300,4.5,【产品特色】纪梵希面霜，自然服帖，遮瑕持妆…
348,美的电烤箱,1736.44,home,https://picsum.photos/seed/348/400/300,4.9,【产品特色】美的电烤箱，快速加热，解冻杀菌多功能一体…
349,彪马睡袋,781.46,sports,https://picsum.photos/seed/349/400/300,4.3,【产品特色】彪马睡袋，高弹性拍框，适合初学者…
350,洽洽坚果礼包,66.78,food,https://picsum.photos/seed/350/400/300,4.8,【产品特色】洽洽坚果礼包，大颗粒入味，口感酥脆不脏手…
351,安踏羽毛球,927.15,sports,https://picsum.photos/seed/351/400/300,4.2,【产品特色】安踏羽毛球，高弹性拍框，适合初学者…
352,探路者运动短裤,831.97,sports,https://picsum.photos/seed/352/400/300,4.6,【产品特色】探路者运动短裤，宽松速干，适合篮球健身训练…
353,乐事功能饮料,18.53,food,https://picsum.photos/seed/353/400/300,4.3,【产品特色】乐事功能饮料，香甜浓郁，含乳量高，童年经典口味…
354,倩碧口红,686.45,cosmetics,https://picsum.photos/seed/354/400/300,4.7,【产品特色】倩碧口红，提亮修护，深入肌底促吸收…
355,小米微波炉,265.07,home,https://picsum.photos/seed/355/400/300,4.4,【产品特色】小米微波炉，除菌除螨，静音变频节能…
356,阿迪达斯运动鞋,417.13,sports,https://picsum.photos/seed/356/400/300,4.8,【产品特色】阿迪达斯运动鞋，缓震透气，适合长跑与日常通勤…
357,探路者羽毛球拍,769.68,sports,https://picsum.photos/seed/357/400/300,4,【产品特色】探路者羽毛球拍，抗菌吸汗，缓冲减震保护脚部…
358,奥利奥功能饮料,75.11,food,https://picsum.photos/seed/358/400/300,4.9,【产品特色】奥利奥功能饮料，酸爽开胃，泡面搭档火腿肠…
359,迪卡侬睡袋,1783.75,sports,https://picsum.photos/seed/359/400/300,4.4,【产品特色】迪卡侬睡袋，防水防风，适合登山露营…
360,纪梵希散粉,1748.29,cosmetics,https://picsum.photos/seed/360/400/300,4.6,【产品特色】纪梵希散粉，舒缓补水，调节肌肤水油平衡…
361,耐克运动短裤,773.72,sports,https://picsum.photos/seed/361/400/300,4.9,【产品特色】耐克运动短裤，耐打稳定，适合日常训练…
362,格力电热水壶,1227.3,home,https://picsum.photos/seed/362/400/300,4.2,【产品特色】格力电热水壶，上下独立控温，烘焙蛋糕披萨…
363,香奈儿精华液,1713.8,cosmetics,https://picsum.photos/seed/363/400/300,4.3,【产品特色】香奈儿精华液，舒缓敏感肌，补水定妆双用…
364,农夫山泉瓜子,14.16,food,https://picsum.photos/seed/364/400/300,4.1,【产品特色】农夫山泉瓜子，香甜浓郁，含乳量高，童年经典口味…
365,徐福记矿泉水,37.64,food,https://picsum.photos/seed/365/400/300,4.1,【产品特色】徐福记矿泉水，弱碱性天然水，家庭办公饮用水…
366,倩碧粉底液,911.56,cosmetics,https://picsum.photos/seed/366/400/300,4.3,【产品特色】倩碧粉底液，提亮修护，深入肌底促吸收…
367,彪马瑜伽垫,1697.36,sports,https://picsum.photos/seed/367/400/300,4.6,【产品特色】彪马瑜伽垫，大容量分层，背负系统减负…
368,美的破壁机,1697.16,home,https://picsum.photos/seed/368/400/300,4.5,【产品特色】美的破壁机，高压快煮，煲汤炖肉不费时…
369,雅漾乳液,1581.91,cosmetics,https://picsum.photos/seed/369/400/300,4.3,【产品特色】雅漾乳液，提亮修护，深入肌底促吸收…
370,资生堂隔离霜,913.35,cosmetics,https://picsum.photos/seed/370/400/300,4.5,【产品特色】资生堂隔离霜，紧致淡纹，保湿锁水适合熟龄肌…
371,雅漾面霜,799.98,cosmetics,https://picsum.photos/seed/371/400/300,4.4,【产品特色】雅漾面霜，淡化黑眼圈，紧致眼周肌肤…
372,农夫山泉薯片,19.13,food,https://picsum.photos/seed/372/400/300,4.3,【产品特色】农夫山泉薯片，香甜浓郁，含乳量高，童年经典口味…
373,探路者运动鞋,511.95,sports,https://picsum.photos/seed/373/400/300,4.5,【产品特色】探路者运动鞋，6mm加厚，减震隔音不硌身…
374,迪卡侬睡袋,1994.9,sports,https://picsum.photos/seed/374/400/300,4.6,【产品特色】迪卡侬睡袋，-10℃保暖，轻便易收纳…
375,老板落地扇,1249.31,home,https://picsum.photos/seed/375/400/300,4.2,【产品特色】老板落地扇，快速加热，解冻杀菌多功能一体…
376,科颜氏隔离霜,1796.57,cosmetics,https://picsum.photos/seed/376/400/300,4.2,【产品特色】科颜氏隔离霜，显白不挑皮，持久显色…
377,农夫山泉薯片,71.68,food,https://picsum.photos/seed/377/400/300,4.7,【产品特色】农夫山泉薯片，草莓味酸甜可口，饭后解腻…
378,迪卡侬羽毛球,1800.51,sports,https://picsum.photos/seed/378/400/300,4.7,【产品特色】迪卡侬羽毛球，-10℃保暖，轻便易收纳…
379,彪马运动袜,1591.64,sports,https://picsum.photos/seed/379/400/300,4.7,【产品特色】彪马运动袜，防水防风，适合登山露营…
380,探路者运动T恤,231.27,sports,https://picsum.photos/seed/380/400/300,4.3,【产品特色】探路者运动T恤，大容量分层，背负系统减负…
381,兰蔻精华液,1384.13,cosmetics,https://picsum.photos/seed/381/400/300,4.3,【产品特色】兰蔻精华液，修饰黄皮，提亮肤色隐形毛孔…
382,格力落地扇,554.92,home,https://picsum.photos/seed/382/400/300,4.9,【产品特色】格力落地扇，细腻研磨豆浆/米糊，低音不扰眠…
383,雅诗兰黛爽肤水,1293.36,cosmetics,https://picsum.photos/seed/383/400/300,4.2,【产品特色】雅诗兰黛爽肤水，自然服帖，遮瑕持妆…
384,伊利酸酸乳,7.36,food,https://picsum.photos/seed/384/400/300,4.7,【产品特色】伊利酸酸乳，巧克力夹心，扭一扭泡一泡…
385,李宁运动T恤,1317.53,sports,https://picsum.photos/seed/385/400/300,4.6,【产品特色】李宁运动T恤，大容量分层，背负系统减负…
386,海尔落地扇,2911.99,home,https://picsum.photos/seed/386/400/300,4.8,【产品特色】海尔落地扇，激光导航，自动回充洗拖布…
387,彪马运动T恤,1975.08,sports,https://picsum.photos/seed/387/400/300,4.8,【产品特色】彪马运动T恤，大容量分层，背负系统减负…
388,香奈儿面霜,1905.86,cosmetics,https://picsum.photos/seed/388/400/300,4.6,【产品特色】香奈儿面霜，淡化黑眼圈，紧致眼周肌肤…
389,纪梵希眼霜,1346.45,cosmetics,https://picsum.photos/seed/389/400/300,4.9,【产品特色】纪梵希眼霜，舒缓敏感肌，补水定妆双用…
390,老板冰箱,2367.51,home,https://picsum.photos/seed/390/400/300,4.4,【产品特色】老板冰箱，上下独立控温，烘焙蛋糕披萨…
391,资生堂面霜,692.59,cosmetics,https://picsum.photos/seed/391/400/300,4.7,【产品特色】资生堂面霜，显白不挑皮，持久显色…
392,兰芝乳液,1368.92,cosmetics,https://picsum.photos/seed/392/400/300,4.3,【产品特色】兰芝乳液，舒缓敏感肌，补水定妆双用…
393,苏泊尔扫地机器人,1224.43,home,https://picsum.photos/seed/393/400/300,4.4,【产品特色】苏泊尔扫地机器人，除菌除螨，静音变频节能…
394,纪梵希喷雾,1114.38,cosmetics,https://picsum.photos/seed/394/400/300,4.4,【产品特色】纪梵希喷雾，紧致淡纹，保湿锁水适合熟龄肌…
395,小米空气净化器,2152.09,home,https://picsum.photos/seed/395/400/300,4.4,【产品特色】小米空气净化器，除菌除螨，静音变频节能…
396,康师傅牛肉面,17.2,food,https://picsum.photos/seed/396/400/300,4.4,【产品特色】康师傅牛肉面，颗粒饱满，每日坚果补充营养…
397,北面运动短裤,901.57,sports,https://picsum.photos/seed/397/400/300,4.2,【产品特色】北面运动短裤，大容量分层，背负系统减负…
398,迪卡侬睡袋,782.83,sports,https://picsum.photos/seed/398/400/300,4.7,【产品特色】迪卡侬睡袋，防水防风，适合登山露营…
399,三只松鼠矿泉水,36.82,food,https://picsum.photos/seed/399/400/300,4.8,【产品特色】三只松鼠矿泉水，松软香甜，早餐点心下午茶…
400,耐克运动袜,1380.73,sports,https://picsum.photos/seed/400/400/300,4.8,【产品特色】耐克运动袜，高弹性拍框，适合初学者…
401,资生堂隔离霜,780.25,cosmetics,https://picsum.photos/seed/401/400/300,4.8,【产品特色】资生堂隔离霜，舒缓补水，调节肌肤水油平衡…
402,方太洗衣机,1657.2,home,https://picsum.photos/seed/402/400/300,4.3,【产品特色】方太洗衣机，多档风速，定时摇头送风广…
403,安踏登山背包,1451.51,sports,https://picsum.photos/seed/403/400/300,4.8,【产品特色】安踏登山背包，防水防风，适合登山露营…
404,哥伦比亚羽毛球,479.13,sports,https://picsum.photos/seed/404/400/300,4.8,【产品特色】哥伦比亚羽毛球，缓震透气，适合长跑与日常通勤…
405,雅漾口红,1801.64,cosmetics,https://picsum.photos/seed/405/400/300,4.9,【产品特色】雅漾口红，舒缓补水，调节肌肤水油平衡…
406,小米空气净化器,1913.68,home,https://picsum.photos/seed/406/400/300,4.7,【产品特色】小米空气净化器，静音节能不占地，冷藏保鲜…
407,李宁登山背包,671.38,sports,https://picsum.photos/seed/407/400/300,4.3,【产品特色】李宁登山背包，缓震透气，适合长跑与日常通勤…
408,雅诗兰黛喷雾,620.9,cosmetics,https://picsum.photos/seed/408/400/300,4.3,【产品特色】雅诗兰黛喷雾，舒缓敏感肌，补水定妆双用…
409,乐事薯片,10.74,food,https://picsum.photos/seed/409/400/300,4.3,【产品特色】乐事薯片，香甜浓郁，含乳量高，童年经典口味…
410,香奈儿隔离霜,1173.93,cosmetics,https://picsum.photos/seed/410/400/300,4.1,【产品特色】香奈儿隔离霜，定妆控油，细腻不卡粉…
411,北面运动袜,278.89,sports,https://picsum.photos/seed/411/400/300,4.2,【产品特色】北面运动袜，-10℃保暖，轻便易收纳…
412,匡威睡袋,474.68,sports,https://picsum.photos/seed/412/400/300,4.2,【产品特色】匡威睡袋，防水防风，适合登山露营…
413,统一牛肉面,63.04,food,https://picsum.photos/seed/413/400/300,4.8,【产品特色】统一牛肉面，酸爽开胃，泡面搭档火腿肠…
414,探路者运动袜,1161.56,sports,https://picsum.photos/seed/414/400/300,4.1,【产品特色】探路者运动袜，抗菌吸汗，缓冲减震保护脚部…
415,耐克运动袜,1304.22,sports,https://picsum.photos/seed/415/400/300,4.7,【产品特色】耐克运动袜，6mm加厚，减震隔音不硌身…
416,兰芝散粉,56.25,cosmetics,https://picsum.photos/seed/416/400/300,4.5,【产品特色】兰芝散粉，定妆控油，细腻不卡粉…
417,兰蔻喷雾,420.76,cosmetics,https://picsum.photos/seed/417/400/300,4.5,【产品特色】兰蔻喷雾，修饰黄皮，提亮肤色隐形毛孔…
418,农夫山泉沙琪玛,40.58,food,https://picsum.photos/seed/418/400/300,4.8,【产品特色】农夫山泉沙琪玛，香辣入味，休闲解馋小零食…
419,红牛矿泉水,38.15,food,https://picsum.photos/seed/419/400/300,4.1,【产品特色】红牛矿泉水，香辣入味，休闲解馋小零食…
420,格力电饭煲,536.16,home,https://picsum.photos/seed/420/400/300,4.6,【产品特色】格力电饭煲，高压快煮，煲汤炖肉不费时…
421,小米电压力锅,2066.79,home,https://picsum.photos/seed/421/400/300,4.5,【产品特色】小米电压力锅，除甲醛雾霾，智能联网控制…
422,格力空气净化器,548.28,home,https://picsum.photos/seed/422/400/300,4.6,【产品特色】格力空气净化器，细腻研磨豆浆/米糊，低音不扰眠…
423,北面冲锋裤,1911.63,sports,https://picsum.photos/seed/423/400/300,4.6,【产品特色】北面冲锋裤，-10℃保暖，轻便易收纳…
424,苏泊尔电饭煲,2395.31,home,https://picsum.photos/seed/424/400/300,4.6,【产品特色】苏泊尔电饭煲，激光导航，自动回充洗拖布…
425,倩碧乳液,1221.35,cosmetics,https://picsum.photos/seed/425/400/300,4.2,【产品特色】倩碧乳液，定妆控油，细腻不卡粉…
426,阿迪达斯运动T恤,1289.56,sports,https://picsum.photos/seed/426/400/300,4.3,【产品特色】阿迪达斯运动T恤，6mm加厚，减震隔音不硌身…
427,奥利奥酸酸乳,13.4,food,https://picsum.photos/seed/427/400/300,4.3,【产品特色】奥利奥酸酸乳，颗粒饱满，每日坚果补充营养…
428,康师傅沙琪玛,70.01,food,https://picsum.photos/seed/428/400/300,4.8,【产品特色】康师傅沙琪玛，大颗粒入味，口感酥脆不脏手…
429,北面运动鞋,439.36,sports,https://picsum.photos/seed/429/400/300,4.3,【产品特色】北面运动鞋，宽松速干，适合篮球健身训练…
430,阿迪达斯冲锋裤,976.4,sports,https://picsum.photos/seed/430/400/300,4.1,【产品特色】阿迪达斯冲锋裤，冰感速干，透气排汗适合健身…
431,海尔电热水壶,2175.4,home,https://picsum.photos/seed/431/400/300,4.8,【产品特色】海尔电热水壶，除甲醛雾霾，智能联网控制…
432,安踏睡袋,715.4,sports,https://picsum.photos/seed/432/400/300,4.3,【产品特色】安踏睡袋，抗菌吸汗，缓冲减震保护脚部…
433,老板扫地机器人,1930.21,home,https://picsum.photos/seed/433/400/300,4.5,【产品特色】老板扫地机器人，除菌除螨，静音变频节能…
434,三只松鼠夹心饼干,96.05,food,https://picsum.photos/seed/434/400/300,4.9,【产品特色】三只松鼠夹心饼干，松软香甜，早餐点心下午茶…
435,李宁运动鞋,1020.69,sports,https://picsum.photos/seed/435/400/300,4.1,【产品特色】李宁运动鞋，抗菌吸汗，缓冲减震保护脚部…
436,匡威冲锋裤,647.87,sports,https://picsum.photos/seed/436/400/300,4.6,【产品特色】匡威冲锋裤，6mm加厚，减震隔音不硌身…
437,迪奥面霜,1998.92,cosmetics,https://picsum.photos/seed/437/400/300,4.7,【产品特色】迪奥面霜，修饰黄皮，提亮肤色隐形毛孔…
438,苏泊尔破壁机,2843.01,home,https://picsum.photos/seed/438/400/300,4.5,【产品特色】苏泊尔破壁机，快速加热，解冻杀菌多功能一体…
439,兰蔻眼霜,307.64,cosmetics,https://picsum.photos/seed/439/400/300,4.2,【产品特色】兰蔻眼霜，舒缓敏感肌，补水定妆双用…
440,旺仔辣条,45.07,food,https://picsum.photos/seed/440/400/300,4.7,【产品特色】旺仔辣条，弱碱性天然水，家庭办公饮用水…
441,松下破壁机,2768.47,home,https://picsum.photos/seed/441/400/300,4.1,【产品特色】松下破壁机，细腻研磨豆浆/米糊，低音不扰眠…
442,三只松鼠牛奶,44,food,https://picsum.photos/seed/442/400/300,4.1,【产品特色】三只松鼠牛奶，香辣入味，休闲解馋小零食…
443,海尔电热水壶,2909.25,home,https://picsum.photos/seed/443/400/300,4.1,【产品特色】海尔电热水壶，多档风速，定时摇头送风广…
444,方太电烤箱,2624.72,home,https://picsum.photos/seed/444/400/300,4.9,【产品特色】方太电烤箱，快速加热，解冻杀菌多功能一体…
445,海蓝之谜爽肤水,524.32,cosmetics,https://picsum.photos/seed/445/400/300,4.3,【产品特色】海蓝之谜爽肤水，显白不挑皮，持久显色…
446,蒙牛沙琪玛,71.48,food,https://picsum.photos/seed/446/400/300,4.6,【产品特色】蒙牛沙琪玛，大颗粒入味，口感酥脆不脏手…
447,松下电烤箱,2410.69,home,https://picsum.photos/seed/447/400/300,4.7,【产品特色】松下电烤箱，柴火饭模式，智能预约保温…
448,飞利浦破壁机,982.42,home,https://picsum.photos/seed/448/400/300,4.6,【产品特色】飞利浦破壁机，上下独立控温，烘焙蛋糕披萨…
449,香奈儿眼霜,778.32,cosmetics,https://picsum.photos/seed/449/400/300,4.2,【产品特色】香奈儿眼霜，修饰黄皮，提亮肤色隐形毛孔…
450,纪梵希散粉,1746.38,cosmetics,https://picsum.photos/seed/450/400/300,4.5,【产品特色】纪梵希散粉，提亮修护，深入肌底促吸收…
451,阿迪达斯运动短裤,1203.71,sports,https://picsum.photos/seed/451/400/300,4.8,【产品特色】阿迪达斯运动短裤，防水防风，适合登山露营…
452,海尔电饭煲,2520.35,home,https://picsum.photos/seed/452/400/300,4.2,【产品特色】海尔电饭煲，细腻研磨豆浆/米糊，低音不扰眠…
453,美的扫地机器人,2921.68,home,https://picsum.photos/seed/453/400/300,4.2,【产品特色】美的扫地机器人，除菌除螨，静音变频节能…
454,洽洽辣条,32.24,food,https://picsum.photos/seed/454/400/300,4.4,【产品特色】洽洽辣条，松软香甜，早餐点心下午茶…
455,美的微波炉,804.91,home,https://picsum.photos/seed/455/400/300,4.7,【产品特色】美的微波炉，多档风速，定时摇头送风广…
456,纪梵希喷雾,1284.03,cosmetics,https://picsum.photos/seed/456/400/300,4.2,【产品特色】纪梵希喷雾，舒缓敏感肌，补水定妆双用…
457,小米空调,1880.53,home,https://picsum.photos/seed/457/400/300,4.3,【产品特色】小米空调，高压快煮，煲汤炖肉不费时…
458,李宁羽毛球拍,359.31,sports,https://picsum.photos/seed/458/400/300,4.7,【产品特色】李宁羽毛球拍，宽松速干，适合篮球健身训练…
459,SK-II面霜,366.06,cosmetics,https://picsum.photos/seed/459/400/300,4.2,【产品特色】SK-II面霜，紧致淡纹，保湿锁水适合熟龄肌…
460,哥伦比亚运动短裤,1769.87,sports,https://picsum.photos/seed/460/400/300,4.6,【产品特色】哥伦比亚运动短裤，宽松速干，适合篮球健身训练…
461,格力空调,697.74,home,https://picsum.photos/seed/461/400/300,4.3,【产品特色】格力空调，细腻研磨豆浆/米糊，低音不扰眠…
462,统一功能饮料,60.29,food,https://picsum.photos/seed/462/400/300,4.9,【产品特色】统一功能饮料，酸爽开胃，泡面搭档火腿肠…
463,李宁睡袋,1592.61,sports,https://picsum.photos/seed/463/400/300,4.8,【产品特色】李宁睡袋，-10℃保暖，轻便易收纳…
464,松下扫地机器人,497.67,home,https://picsum.photos/seed/464/400/300,4.1,【产品特色】松下扫地机器人，除菌除螨，静音变频节能…
465,北面睡袋,1560.61,sports,https://picsum.photos/seed/465/400/300,4.2,【产品特色】北面睡袋，大容量分层，背负系统减负…
466,彪马运动袜,1819.44,sports,https://picsum.photos/seed/466/400/300,4.1,【产品特色】彪马运动袜，大容量分层，背负系统减负…
467,小米空气净化器,645.54,home,https://picsum.photos/seed/467/400/300,4.8,【产品特色】小米空气净化器，除菌除螨，静音变频节能…
468,格力冰箱,1971.39,home,https://picsum.photos/seed/468/400/300,4.3,【产品特色】格力冰箱，上下独立控温，烘焙蛋糕披萨…
469,阿迪达斯运动鞋,1973.47,sports,https://picsum.photos/seed/469/400/300,4.9,【产品特色】阿迪达斯运动鞋，6mm加厚，减震隔音不硌身…
470,飞利浦破壁机,1475.76,home,https://picsum.photos/seed/470/400/300,4.3,【产品特色】飞利浦破壁机，静音节能不占地，冷藏保鲜…
471,阿迪达斯登山背包,1791.53,sports,https://picsum.photos/seed/471/400/300,4.9,【产品特色】阿迪达斯登山背包，抗菌吸汗，缓冲减震保护脚部…
472,SK-II乳液,781.11,cosmetics,https://picsum.photos/seed/472/400/300,4.5,【产品特色】SK-II乳液，淡化黑眼圈，紧致眼周肌肤…
473,美的空气净化器,2756.04,home,https://picsum.photos/seed/473/400/300,4.1,【产品特色】美的空气净化器，除甲醛雾霾，智能联网控制…
474,旺仔夹心饼干,39.45,food,https://picsum.photos/seed/474/400/300,4.6,【产品特色】旺仔夹心饼干，大块牛肉粒，汤汁浓郁方便速食…
475,阿迪达斯运动T恤,1510.06,sports,https://picsum.photos/seed/475/400/300,4.7,【产品特色】阿迪达斯运动T恤，大容量分层，背负系统减负…
476,SK-II眼霜,689.36,cosmetics,https://picsum.photos/seed/476/400/300,4,【产品特色】SK-II眼霜，自然服帖，遮瑕持妆…
477,红牛薯片,63.78,food,https://picsum.photos/seed/477/400/300,4.3,【产品特色】红牛薯片，颗粒饱满，每日坚果补充营养…
478,农夫山泉薯片,75.63,food,https://picsum.photos/seed/478/400/300,4,【产品特色】农夫山泉薯片，草莓味酸甜可口，饭后解腻…
479,安踏冲锋裤,571.97,sports,https://picsum.photos/seed/479/400/300,4.8,【产品特色】安踏冲锋裤，耐打稳定，适合日常训练…
480,苏泊尔扫地机器人,2134.75,home,https://picsum.photos/seed/480/400/300,4.5,【产品特色】苏泊尔扫地机器人，上下独立控温，烘焙蛋糕披萨…
481,安踏羽毛球,614.9,sports,https://picsum.photos/seed/481/400/300,4.3,【产品特色】安踏羽毛球，-10℃保暖，轻便易收纳…
482,方太冰箱,1827.88,home,https://picsum.photos/seed/482/400/300,4.2,【产品特色】方太冰箱，除甲醛雾霾，智能联网控制…
483,科颜氏爽肤水,1536.44,cosmetics,https://picsum.photos/seed/483/400/300,4.3,【产品特色】科颜氏爽肤水，显白不挑皮，持久显色…
484,SK-II面霜,1064.99,cosmetics,https://picsum.photos/seed/484/400/300,4.7,【产品特色】SK-II面霜，紧致淡纹，保湿锁水适合熟龄肌…
485,匡威羽毛球拍,307.1,sports,https://picsum.photos/seed/485/400/300,4.6,【产品特色】匡威羽毛球拍，6mm加厚，减震隔音不硌身…
486,三只松鼠酸酸乳,84.03,food,https://picsum.photos/seed/486/400/300,4.2,【产品特色】三只松鼠酸酸乳，弱碱性天然水，家庭办公饮用水…
487,耐克羽毛球,626.88,sports,https://picsum.photos/seed/487/400/300,4.2,【产品特色】耐克羽毛球，宽松速干，适合篮球健身训练…
488,探路者运动袜,423.12,sports,https://picsum.photos/seed/488/400/300,4.7,【产品特色】探路者运动袜，耐打稳定，适合日常训练…
489,九阳电饭煲,2970.3,home,https://picsum.photos/seed/489/400/300,4.8,【产品特色】九阳电饭煲，快速加热，解冻杀菌多功能一体…
490,徐福记辣条,83.57,food,https://picsum.photos/seed/490/400/300,4.4,【产品特色】徐福记辣条，提神抗疲劳，加班运动必备…
491,匡威睡袋,1116.98,sports,https://picsum.photos/seed/491/400/300,4.4,【产品特色】匡威睡袋，抗菌吸汗，缓冲减震保护脚部…
492,李宁运动短裤,920.52,sports,https://picsum.photos/seed/492/400/300,4.2,【产品特色】李宁运动短裤，抗菌吸汗，缓冲减震保护脚部…
493,苏泊尔微波炉,1227.74,home,https://picsum.photos/seed/493/400/300,4.5,【产品特色】苏泊尔微波炉，快速加热，解冻杀菌多功能一体…
494,彪马运动T恤,247.76,sports,https://picsum.photos/seed/494/400/300,4.5,【产品特色】彪马运动T恤，高弹性拍框，适合初学者…
495,红牛矿泉水,23.21,food,https://picsum.photos/seed/495/400/300,4.9,【产品特色】红牛矿泉水，大颗粒入味，口感酥脆不脏手…
496,阿迪达斯运动鞋,357.83,sports,https://picsum.photos/seed/496/400/300,4.5,【产品特色】阿迪达斯运动鞋，高弹性拍框，适合初学者…
497,苏泊尔电压力锅,2598.28,home,https://picsum.photos/seed/497/400/300,4.4,【产品特色】苏泊尔电压力锅，多档风速，定时摇头送风广…
498,资生堂散粉,734.6,cosmetics,https://picsum.photos/seed/498/400/300,4.6,【产品特色】资生堂散粉，定妆控油，细腻不卡粉…
499,迪卡侬冲锋裤,1770.12,sports,https://picsum.photos/seed/499/400/300,4.3,【产品特色】迪卡侬冲锋裤，防水防风，适合登山露营…
500,海尔微波炉,135.34,home,https://picsum.photos/seed/500/400/300,4.1,【产品特色】海尔微波炉，多档风速，定时摇头送风广…
501,格力洗衣机,1579.25,home,https://picsum.photos/seed/501/400/300,4.8,【产品特色】格力洗衣机，上下独立控温，烘焙蛋糕披萨…
502,资生堂粉底液,960.96,cosmetics,https://picsum.photos/seed/502/400/300,4.5,【产品特色】资生堂粉底液，舒缓补水，调节肌肤水油平衡…
503,红牛夹心饼干,53.92,food,https://picsum.photos/seed/503/400/300,4.1,【产品特色】红牛夹心饼干，薄脆鲜香，追剧必备零食…
504,雅漾面霜,824.64,cosmetics,https://picsum.photos/seed/504/400/300,4.4,【产品特色】雅漾面霜，修饰黄皮，提亮肤色隐形毛孔…
505,红牛酸酸乳,89.76,food,https://picsum.photos/seed/505/400/300,4.7,【产品特色】红牛酸酸乳，大块牛肉粒，汤汁浓郁方便速食…
506,农夫山泉薯片,90.25,food,https://picsum.photos/seed/506/400/300,4.6,【产品特色】农夫山泉薯片，弱碱性天然水，家庭办公饮用水…
507,乐事辣条,42.92,food,https://picsum.photos/seed/507/400/300,4,【产品特色】乐事辣条，酸爽开胃，泡面搭档火腿肠…
508,兰芝精华液,341.59,cosmetics,https://picsum.photos/seed/508/400/300,4.4,【产品特色】兰芝精华液，补水不黏腻，维稳肌肤状态…
509,迪奥隔离霜,157.97,cosmetics,https://picsum.photos/seed/509/400/300,4.7,【产品特色】迪奥隔离霜，舒缓敏感肌，补水定妆双用…
510,三只松鼠辣条,82.91,food,https://picsum.photos/seed/510/400/300,4.6,【产品特色】三只松鼠辣条，弱碱性天然水，家庭办公饮用水…
511,康师傅坚果礼包,97,food,https://picsum.photos/seed/511/400/300,4.3,【产品特色】康师傅坚果礼包，松软香甜，早餐点心下午茶…
512,苏泊尔电热水壶,1588.25,home,https://picsum.photos/seed/512/400/300,4.8,【产品特色】苏泊尔电热水壶，一级能效，静音制冷制热快…
513,迪奥爽肤水,1264.35,cosmetics,https://picsum.photos/seed/513/400/300,4.2,【产品特色】迪奥爽肤水，自然服帖，遮瑕持妆…
514,香奈儿隔离霜,1568.2,cosmetics,https://picsum.photos/seed/514/400/300,4.5,【产品特色】香奈儿隔离霜，显白不挑皮，持久显色…
515,兰蔻粉底液,1414.37,cosmetics,https://picsum.photos/seed/515/400/300,4.5,【产品特色】兰蔻粉底液，定妆控油，细腻不卡粉…
516,美的微波炉,886.03,home,https://picsum.photos/seed/516/400/300,4.4,【产品特色】美的微波炉，一级能效，静音制冷制热快…
517,奥利奥沙琪玛,47.3,food,https://picsum.photos/seed/517/400/300,4.2,【产品特色】奥利奥沙琪玛，香辣入味，休闲解馋小零食…
518,格力破壁机,673.34,home,https://picsum.photos/seed/518/400/300,4.5,【产品特色】格力破壁机，除菌除螨，静音变频节能…
519,香奈儿爽肤水,1705.18,cosmetics,https://picsum.photos/seed/519/400/300,4.9,【产品特色】香奈儿爽肤水，舒缓补水，调节肌肤水油平衡…
520,SK-II散粉,1502.71,cosmetics,https://picsum.photos/seed/520/400/300,4.5,【产品特色】SK-II散粉，修饰黄皮，提亮肤色隐形毛孔…
521,彪马睡袋,1494.09,sports,https://picsum.photos/seed/521/400/300,4.1,【产品特色】彪马睡袋，冰感速干，透气排汗适合健身…
522,苏泊尔电烤箱,1603.34,home,https://picsum.photos/seed/522/400/300,4.2,【产品特色】苏泊尔电烤箱，快速烧开水，自动断电防干烧…
523,探路者运动鞋,1493.28,sports,https://picsum.photos/seed/523/400/300,4.3,【产品特色】探路者运动鞋，防水防风，适合登山露营…
524,老板破壁机,636.41,home,https://picsum.photos/seed/524/400/300,4.4,【产品特色】老板破壁机，细腻研磨豆浆/米糊，低音不扰眠…
525,迪奥爽肤水,1356.3,cosmetics,https://picsum.photos/seed/525/400/300,4.1,【产品特色】迪奥爽肤水，补水不黏腻，维稳肌肤状态…
526,资生堂眼霜,1042.27,cosmetics,https://picsum.photos/seed/526/400/300,4.3,【产品特色】资生堂眼霜，淡化黑眼圈，紧致眼周肌肤…
527,伊利功能饮料,58.01,food,https://picsum.photos/seed/527/400/300,4.8,【产品特色】伊利功能饮料，香甜浓郁，含乳量高，童年经典口味…
528,匡威运动短裤,1935.91,sports,https://picsum.photos/seed/528/400/300,4.7,【产品特色】匡威运动短裤，宽松速干，适合篮球健身训练…
529,小米空调,367.02,home,https://picsum.photos/seed/529/400/300,4,【产品特色】小米空调，柴火饭模式，智能预约保温…
530,兰蔻爽肤水,789.77,cosmetics,https://picsum.photos/seed/530/400/300,4.6,【产品特色】兰蔻爽肤水，补水不黏腻，维稳肌肤状态…
531,北面羽毛球,753.69,sports,https://picsum.photos/seed/531/400/300,4.9,【产品特色】北面羽毛球，防水防风，适合登山露营…
532,康师傅坚果礼包,89.45,food,https://picsum.photos/seed/532/400/300,4.5,【产品特色】康师傅坚果礼包，松软香甜，早餐点心下午茶…
533,李宁运动鞋,1930.95,sports,https://picsum.photos/seed/533/400/300,4.6,【产品特色】李宁运动鞋，防水防风，适合登山露营…
534,耐克运动T恤,1249.23,sports,https://picsum.photos/seed/534/400/300,4.4,【产品特色】耐克运动T恤，耐打稳定，适合日常训练…
535,康师傅辣条,89.17,food,https://picsum.photos/seed/535/400/300,4.4,【产品特色】康师傅辣条，颗粒饱满，每日坚果补充营养…
536,蒙牛功能饮料,60.18,food,https://picsum.photos/seed/536/400/300,4,【产品特色】蒙牛功能饮料，颗粒饱满，每日坚果补充营养…
537,松下微波炉,1441.93,home,https://picsum.photos/seed/537/400/300,4.3,【产品特色】松下微波炉，上下独立控温，烘焙蛋糕披萨…
538,老板冰箱,141.74,home,https://picsum.photos/seed/538/400/300,4.1,【产品特色】老板冰箱，多档风速，定时摇头送风广…
539,小米扫地机器人,1446.13,home,https://picsum.photos/seed/539/400/300,4.6,【产品特色】小米扫地机器人，除甲醛雾霾，智能联网控制…
540,格力破壁机,268.25,home,https://picsum.photos/seed/540/400/300,4.2,【产品特色】格力破壁机，一级能效，静音制冷制热快…
541,三只松鼠牛奶,77.35,food,https://picsum.photos/seed/541/400/300,4.8,【产品特色】三只松鼠牛奶，草莓味酸甜可口，饭后解腻…
542,伊利牛奶,30.37,food,https://picsum.photos/seed/542/400/300,4.5,【产品特色】伊利牛奶，香辣入味，休闲解馋小零食…
543,洽洽坚果礼包,31.85,food,https://picsum.photos/seed/543/400/300,4.5,【产品特色】洽洽坚果礼包，草莓味酸甜可口，饭后解腻…
544,方太扫地机器人,2673.95,home,https://picsum.photos/seed/544/400/300,4.3,【产品特色】方太扫地机器人，除甲醛雾霾，智能联网控制…
545,格力电热水壶,2360.54,home,https://picsum.photos/seed/545/400/300,4.9,【产品特色】格力电热水壶，除甲醛雾霾，智能联网控制…
546,倩碧粉底液,611.23,cosmetics,https://picsum.photos/seed/546/400/300,4.5,【产品特色】倩碧粉底液，紧致淡纹，保湿锁水适合熟龄肌…
547,哥伦比亚羽毛球拍,466.71,sports,https://picsum.photos/seed/547/400/300,4.5,【产品特色】哥伦比亚羽毛球拍，防水防风，适合登山露营…
548,格力电烤箱,1491.13,home,https://picsum.photos/seed/548/400/300,4.7,【产品特色】格力电烤箱，细腻研磨豆浆/米糊，低音不扰眠…
549,格力电压力锅,2987.16,home,https://picsum.photos/seed/549/400/300,4.9,【产品特色】格力电压力锅，高压快煮，煲汤炖肉不费时…
550,匡威运动鞋,737.71,sports,https://picsum.photos/seed/550/400/300,4.5,【产品特色】匡威运动鞋，大容量分层，背负系统减负…
551,九阳微波炉,2294.23,home,https://picsum.photos/seed/551/400/300,4.5,【产品特色】九阳微波炉，激光导航，自动回充洗拖布…
552,纪梵希散粉,920.92,cosmetics,https://picsum.photos/seed/552/400/300,4.2,【产品特色】纪梵希散粉，舒缓补水，调节肌肤水油平衡…
553,兰蔻粉底液,624.85,cosmetics,https://picsum.photos/seed/553/400/300,4.8,【产品特色】兰蔻粉底液，紧致淡纹，保湿锁水适合熟龄肌…
554,松下破壁机,2045.51,home,https://picsum.photos/seed/554/400/300,4.4,【产品特色】松下破壁机，除甲醛雾霾，智能联网控制…
555,飞利浦冰箱,1888.05,home,https://picsum.photos/seed/555/400/300,4.5,【产品特色】飞利浦冰箱，一级能效，静音制冷制热快…
556,红牛牛奶,86.23,food,https://picsum.photos/seed/556/400/300,4.3,【产品特色】红牛牛奶，香辣入味，休闲解馋小零食…
557,匡威睡袋,1835.79,sports,https://picsum.photos/seed/557/400/300,4.3,【产品特色】匡威睡袋，耐打稳定，适合日常训练…
558,飞利浦微波炉,1914.73,home,https://picsum.photos/seed/558/400/300,4.1,【产品特色】飞利浦微波炉，细腻研磨豆浆/米糊，低音不扰眠…
559,海蓝之谜散粉,1330.77,cosmetics,https://picsum.photos/seed/559/400/300,4,【产品特色】海蓝之谜散粉，修饰黄皮，提亮肤色隐形毛孔…
560,苏泊尔洗衣机,1574.81,home,https://picsum.photos/seed/560/400/300,4.4,【产品特色】苏泊尔洗衣机，高压快煮，煲汤炖肉不费时…
561,SK-II乳液,390.12,cosmetics,https://picsum.photos/seed/561/400/300,4.8,【产品特色】SK-II乳液，舒缓敏感肌，补水定妆双用…
562,资生堂隔离霜,1937.31,cosmetics,https://picsum.photos/seed/562/400/300,4.8,【产品特色】资生堂隔离霜，紧致淡纹，保湿锁水适合熟龄肌…
563,探路者运动短裤,1164.87,sports,https://picsum.photos/seed/563/400/300,4.2,【产品特色】探路者运动短裤，-10℃保暖，轻便易收纳…
564,雅漾精华液,1153.14,cosmetics,https://picsum.photos/seed/564/400/300,4.7,【产品特色】雅漾精华液，舒缓敏感肌，补水定妆双用…
565,探路者羽毛球,423.46,sports,https://picsum.photos/seed/565/400/300,4.4,【产品特色】探路者羽毛球，宽松速干，适合篮球健身训练…
566,农夫山泉牛肉面,6.27,food,https://picsum.photos/seed/566/400/300,4.6,【产品特色】农夫山泉牛肉面，香辣入味，休闲解馋小零食…
567,北面运动鞋,415.25,sports,https://picsum.photos/seed/567/400/300,4.6,【产品特色】北面运动鞋，防水防风，适合登山露营…
568,科颜氏精华液,957.79,cosmetics,https://picsum.photos/seed/568/400/300,4.7,【产品特色】科颜氏精华液，补水不黏腻，维稳肌肤状态…
569,美的电压力锅,1675.05,home,https://picsum.photos/seed/569/400/300,4.5,【产品特色】美的电压力锅，柴火饭模式，智能预约保温…
570,匡威睡袋,1997.09,sports,https://picsum.photos/seed/570/400/300,4.1,【产品特色】匡威睡袋，宽松速干，适合篮球健身训练…
571,洽洽功能饮料,11.12,food,https://picsum.photos/seed/571/400/300,4.4,【产品特色】洽洽功能饮料，提神抗疲劳，加班运动必备…
572,康师傅瓜子,22.02,food,https://picsum.photos/seed/572/400/300,4.7,【产品特色】康师傅瓜子，大颗粒入味，口感酥脆不脏手…
573,李宁冲锋裤,821.93,sports,https://picsum.photos/seed/573/400/300,4.8,【产品特色】李宁冲锋裤，宽松速干，适合篮球健身训练…
574,北面运动T恤,935.82,sports,https://picsum.photos/seed/574/400/300,4.2,【产品特色】北面运动T恤，-10℃保暖，轻便易收纳…
575,探路者羽毛球拍,1727.13,sports,https://picsum.photos/seed/575/400/300,4.8,【产品特色】探路者羽毛球拍，高弹性拍框，适合初学者…
576,迪奥口红,1207.13,cosmetics,https://picsum.photos/seed/576/400/300,4.6,【产品特色】迪奥口红，自然服帖，遮瑕持妆…
577,兰芝隔离霜,1281.93,cosmetics,https://picsum.photos/seed/577/400/300,4.3,【产品特色】兰芝隔离霜，显白不挑皮，持久显色…
578,香奈儿口红,1703.53,cosmetics,https://picsum.photos/seed/578/400/300,4.6,【产品特色】香奈儿口红，显白不挑皮，持久显色…
579,耐克运动鞋,1527.11,sports,https://picsum.photos/seed/579/400/300,4.3,【产品特色】耐克运动鞋，冰感速干，透气排汗适合健身…
580,旺仔功能饮料,69.23,food,https://picsum.photos/seed/580/400/300,4,【产品特色】旺仔功能饮料，松软香甜，早餐点心下午茶…
581,方太电压力锅,2060.47,home,https://picsum.photos/seed/581/400/300,4.2,【产品特色】方太电压力锅，除菌除螨，静音变频节能…
582,SK-II口红,1451.97,cosmetics,https://picsum.photos/seed/582/400/300,4.1,【产品特色】SK-II口红，紧致淡纹，保湿锁水适合熟龄肌…
583,雅漾面霜,1819.63,cosmetics,https://picsum.photos/seed/583/400/300,4.8,【产品特色】雅漾面霜，补水不黏腻，维稳肌肤状态…
584,迪奥眼霜,1430.4,cosmetics,https://picsum.photos/seed/584/400/300,4,【产品特色】迪奥眼霜，提亮修护，深入肌底促吸收…
585,三只松鼠酸酸乳,48.44,food,https://picsum.photos/seed/585/400/300,4.8,【产品特色】三只松鼠酸酸乳，大颗粒入味，口感酥脆不脏手…
586,SK-II喷雾,757.4,cosmetics,https://picsum.photos/seed/586/400/300,4.1,【产品特色】SK-II喷雾，定妆控油，细腻不卡粉…
587,匡威运动鞋,1149.45,sports,https://picsum.photos/seed/587/400/300,4.7,【产品特色】匡威运动鞋，高弹性拍框，适合初学者…
588,香奈儿面霜,303.34,cosmetics,https://picsum.photos/seed/588/400/300,4,【产品特色】香奈儿面霜，定妆控油，细腻不卡粉…
589,李宁运动T恤,1125.36,sports,https://picsum.photos/seed/589/400/300,4.9,【产品特色】李宁运动T恤，-10℃保暖，轻便易收纳…
590,科颜氏爽肤水,1246.78,cosmetics,https://picsum.photos/seed/590/400/300,4.8,【产品特色】科颜氏爽肤水，淡化黑眼圈，紧致眼周肌肤…
591,统一坚果礼包,26.55,food,https://picsum.photos/seed/591/400/300,4.8,【产品特色】统一坚果礼包，大块牛肉粒，汤汁浓郁方便速食…
592,彪马运动袜,1643.76,sports,https://picsum.photos/seed/592/400/300,4.4,【产品特色】彪马运动袜，抗菌吸汗，缓冲减震保护脚部…
593,徐福记功能饮料,30.59,food,https://picsum.photos/seed/593/400/300,4.2,【产品特色】徐福记功能饮料，大块牛肉粒，汤汁浓郁方便速食…
594,老板电热水壶,1787.05,home,https://picsum.photos/seed/594/400/300,4,【产品特色】老板电热水壶，多档风速，定时摇头送风广…
595,海蓝之谜口红,1387.1,cosmetics,https://picsum.photos/seed/595/400/300,4.6,【产品特色】海蓝之谜口红，舒缓敏感肌，补水定妆双用…
596,小米破壁机,1645.51,home,https://picsum.photos/seed/596/400/300,4.2,【产品特色】小米破壁机，除甲醛雾霾，智能联网控制…
597,小米空调,1760.84,home,https://picsum.photos/seed/597/400/300,4.5,【产品特色】小米空调，多档风速，定时摇头送风广…
598,迪奥口红,445.29,cosmetics,https://picsum.photos/seed/598/400/300,4.1,【产品特色】迪奥口红，补水不黏腻，维稳肌肤状态…
599,三只松鼠酸酸乳,32.32,food,https://picsum.photos/seed/599/400/300,4.4,【产品特色】三只松鼠酸酸乳，巧克力夹心，扭一扭泡一泡…
600,兰蔻粉底液,1823.26,cosmetics,https://picsum.photos/seed/600/400/300,4.2,【产品特色】兰蔻粉底液，淡化黑眼圈，紧致眼周肌肤…
601,探路者运动袜,1972.28,sports,https://picsum.photos/seed/601/400/300,4.8,【产品特色】探路者运动袜，防水防风，适合登山露营…
602,奥利奥辣条,30.15,food,https://picsum.photos/seed/602/400/300,4.2,【产品特色】奥利奥辣条，草莓味酸甜可口，饭后解腻…
603,彪马运动鞋,1109.75,sports,https://picsum.photos/seed/603/400/300,4.2,【产品特色】彪马运动鞋，缓震透气，适合长跑与日常通勤…
604,蒙牛坚果礼包,76.25,food,https://picsum.photos/seed/604/400/300,4.9,【产品特色】蒙牛坚果礼包，薄脆鲜香，追剧必备零食…
605,松下微波炉,1907.74,home,https://picsum.photos/seed/605/400/300,4.3,【产品特色】松下微波炉，多档风速，定时摇头送风广…
606,纪梵希隔离霜,971.13,cosmetics,https://picsum.photos/seed/606/400/300,4.4,【产品特色】纪梵希隔离霜，舒缓补水，调节肌肤水油平衡…
607,科颜氏粉底液,985.76,cosmetics,https://picsum.photos/seed/607/400/300,4.2,【产品特色】科颜氏粉底液，淡化黑眼圈，紧致眼周肌肤…
608,迪卡侬运动短裤,1574.82,sports,https://picsum.photos/seed/608/400/300,4,【产品特色】迪卡侬运动短裤，冰感速干，透气排汗适合健身…
609,香奈儿口红,858.2,cosmetics,https://picsum.photos/seed/609/400/300,4.6,【产品特色】香奈儿口红，定妆控油，细腻不卡粉…
610,小米电热水壶,2964.69,home,https://picsum.photos/seed/610/400/300,4,【产品特色】小米电热水壶，细腻研磨豆浆/米糊，低音不扰眠…
611,洽洽酸酸乳,16.15,food,https://picsum.photos/seed/611/400/300,4.1,【产品特色】洽洽酸酸乳，草莓味酸甜可口，饭后解腻…
612,飞利浦微波炉,2731.78,home,https://picsum.photos/seed/612/400/300,4.6,【产品特色】飞利浦微波炉，除菌除螨，静音变频节能…
613,耐克睡袋,519.01,sports,https://picsum.photos/seed/613/400/300,4.8,【产品特色】耐克睡袋，防水防风，适合登山露营…
614,红牛牛奶,16.62,food,https://picsum.photos/seed/614/400/300,4.8,【产品特色】红牛牛奶，巧克力夹心，扭一扭泡一泡…
615,老板洗衣机,2390.92,home,https://picsum.photos/seed/615/400/300,4.7,【产品特色】老板洗衣机，上下独立控温，烘焙蛋糕披萨…
616,徐福记坚果礼包,68.72,food,https://picsum.photos/seed/616/400/300,4.7,【产品特色】徐福记坚果礼包，草莓味酸甜可口，饭后解腻…
617,迪奥粉底液,414.85,cosmetics,https://picsum.photos/seed/617/400/300,4.7,【产品特色】迪奥粉底液，补水不黏腻，维稳肌肤状态…
618,科颜氏喷雾,1808.39,cosmetics,https://picsum.photos/seed/618/400/300,4.2,【产品特色】科颜氏喷雾，紧致淡纹，保湿锁水适合熟龄肌…
619,资生堂隔离霜,587.32,cosmetics,https://picsum.photos/seed/619/400/300,4.6,【产品特色】资生堂隔离霜，显白不挑皮，持久显色…
620,兰蔻精华液,622.02,cosmetics,https://picsum.photos/seed/620/400/300,4.6,【产品特色】兰蔻精华液，提亮修护，深入肌底促吸收…
621,安踏睡袋,1497.89,sports,https://picsum.photos/seed/621/400/300,4.3,【产品特色】安踏睡袋，6mm加厚，减震隔音不硌身…
622,小米洗衣机,1048.73,home,https://picsum.photos/seed/622/400/300,4.6,【产品特色】小米洗衣机，多档风速，定时摇头送风广…
623,北面睡袋,1987.88,sports,https://picsum.photos/seed/623/400/300,4.7,【产品特色】北面睡袋，大容量分层，背负系统减负…
624,哥伦比亚运动鞋,452.26,sports,https://picsum.photos/seed/624/400/300,4.9,【产品特色】哥伦比亚运动鞋，6mm加厚，减震隔音不硌身…
625,飞利浦电压力锅,1120.95,home,https://picsum.photos/seed/625/400/300,4.8,【产品特色】飞利浦电压力锅，一级能效，静音制冷制热快…
626,哥伦比亚冲锋裤,1868.49,sports,https://picsum.photos/seed/626/400/300,4.1,【产品特色】哥伦比亚冲锋裤，宽松速干，适合篮球健身训练…
627,资生堂眼霜,1590.35,cosmetics,https://picsum.photos/seed/627/400/300,4.6,【产品特色】资生堂眼霜，紧致淡纹，保湿锁水适合熟龄肌…
628,迪奥眼霜,646.49,cosmetics,https://picsum.photos/seed/628/400/300,4.6,【产品特色】迪奥眼霜，提亮修护，深入肌底促吸收…
629,九阳电烤箱,1510.44,home,https://picsum.photos/seed/629/400/300,4.4,【产品特色】九阳电烤箱，细腻研磨豆浆/米糊，低音不扰眠…
630,兰芝隔离霜,125.65,cosmetics,https://picsum.photos/seed/630/400/300,4.5,【产品特色】兰芝隔离霜，舒缓补水，调节肌肤水油平衡…
631,乐事牛奶,14.98,food,https://picsum.photos/seed/631/400/300,4.7,【产品特色】乐事牛奶，松软香甜，早餐点心下午茶…
632,SK-II面霜,1948.29,cosmetics,https://picsum.photos/seed/632/400/300,4.8,【产品特色】SK-II面霜，舒缓补水，调节肌肤水油平衡…
633,苏泊尔冰箱,1411.27,home,https://picsum.photos/seed/633/400/300,4.2,【产品特色】苏泊尔冰箱，激光导航，自动回充洗拖布…
634,哥伦比亚睡袋,1226.44,sports,https://picsum.photos/seed/634/400/300,4.2,【产品特色】哥伦比亚睡袋，6mm加厚，减震隔音不硌身…
635,九阳电饭煲,1603.61,home,https://picsum.photos/seed/635/400/300,4.4,【产品特色】九阳电饭煲，静音节能不占地，冷藏保鲜…
636,雅漾隔离霜,1551.33,cosmetics,https://picsum.photos/seed/636/400/300,4.2,【产品特色】雅漾隔离霜，定妆控油，细腻不卡粉…
637,格力破壁机,1561.76,home,https://picsum.photos/seed/637/400/300,4.6,【产品特色】格力破壁机，快速烧开水，自动断电防干烧…
638,雅漾粉底液,185.81,cosmetics,https://picsum.photos/seed/638/400/300,4.2,【产品特色】雅漾粉底液，补水不黏腻，维稳肌肤状态…
639,资生堂散粉,806.75,cosmetics,https://picsum.photos/seed/639/400/300,4.1,【产品特色】资生堂散粉，舒缓敏感肌，补水定妆双用…
640,兰蔻散粉,761.78,cosmetics,https://picsum.photos/seed/640/400/300,4.7,【产品特色】兰蔻散粉，补水不黏腻，维稳肌肤状态…
641,彪马运动鞋,1552.58,sports,https://picsum.photos/seed/641/400/300,4.6,【产品特色】彪马运动鞋，防水防风，适合登山露营…
642,彪马运动T恤,1759.73,sports,https://picsum.photos/seed/642/400/300,4.5,【产品特色】彪马运动T恤，防水防风，适合登山露营…
643,伊利牛奶,19.05,food,https://picsum.photos/seed/643/400/300,4.9,【产品特色】伊利牛奶，薄脆鲜香，追剧必备零食…
644,洽洽薯片,76.2,food,https://picsum.photos/seed/644/400/300,4.4,【产品特色】洽洽薯片，弱碱性天然水，家庭办公饮用水…
645,松下微波炉,1424.37,home,https://picsum.photos/seed/645/400/300,4.2,【产品特色】松下微波炉，上下独立控温，烘焙蛋糕披萨…
646,迪奥爽肤水,905.01,cosmetics,https://picsum.photos/seed/646/400/300,4.4,【产品特色】迪奥爽肤水，定妆控油，细腻不卡粉…
647,飞利浦电压力锅,677.59,home,https://picsum.photos/seed/647/400/300,4.8,【产品特色】飞利浦电压力锅，除菌除螨，静音变频节能…
648,海尔洗衣机,2568.26,home,https://picsum.photos/seed/648/400/300,4.5,【产品特色】海尔洗衣机，上下独立控温，烘焙蛋糕披萨…
649,农夫山泉沙琪玛,15.66,food,https://picsum.photos/seed/649/400/300,4.1,【产品特色】农夫山泉沙琪玛，大块牛肉粒，汤汁浓郁方便速食…
650,倩碧爽肤水,519.56,cosmetics,https://picsum.photos/seed/650/400/300,4.6,【产品特色】倩碧爽肤水，显白不挑皮，持久显色…
651,耐克睡袋,850.44,sports,https://picsum.photos/seed/651/400/300,4,【产品特色】耐克睡袋，-10℃保暖，轻便易收纳…
652,小米落地扇,803.44,home,https://picsum.photos/seed/652/400/300,4.1,【产品特色】小米落地扇，多档风速，定时摇头送风广…
653,奥利奥牛肉面,87.46,food,https://picsum.photos/seed/653/400/300,4.1,【产品特色】奥利奥牛肉面，酸爽开胃，泡面搭档火腿肠…
654,资生堂散粉,1765.35,cosmetics,https://picsum.photos/seed/654/400/300,4.2,【产品特色】资生堂散粉，舒缓补水，调节肌肤水油平衡…
655,阿迪达斯睡袋,309.62,sports,https://picsum.photos/seed/655/400/300,4.4,【产品特色】阿迪达斯睡袋，抗菌吸汗，缓冲减震保护脚部…
656,松下电热水壶,2066.12,home,https://picsum.photos/seed/656/400/300,4.8,【产品特色】松下电热水壶，除甲醛雾霾，智能联网控制…
657,方太空气净化器,1469.2,home,https://picsum.photos/seed/657/400/300,4.9,【产品特色】方太空气净化器，激光导航，自动回充洗拖布…
658,松下冰箱,2454.6,home,https://picsum.photos/seed/658/400/300,4,【产品特色】松下冰箱，快速烧开水，自动断电防干烧…
659,北面睡袋,1455.55,sports,https://picsum.photos/seed/659/400/300,4.8,【产品特色】北面睡袋，宽松速干，适合篮球健身训练…
660,迪卡侬运动鞋,1276.27,sports,https://picsum.photos/seed/660/400/300,4.7,【产品特色】迪卡侬运动鞋，冰感速干，透气排汗适合健身…
661,迪卡侬羽毛球,1131.31,sports,https://picsum.photos/seed/661/400/300,4.4,【产品特色】迪卡侬羽毛球，高弹性拍框，适合初学者…
662,耐克运动T恤,1089.73,sports,https://picsum.photos/seed/662/400/300,4.1,【产品特色】耐克运动T恤，耐打稳定，适合日常训练…
663,安踏羽毛球拍,423.28,sports,https://picsum.photos/seed/663/400/300,4.6,【产品特色】安踏羽毛球拍，高弹性拍框，适合初学者…
664,海尔电压力锅,2986.64,home,https://picsum.photos/seed/664/400/300,4.1,【产品特色】海尔电压力锅，快速加热，解冻杀菌多功能一体…
665,康师傅功能饮料,22.23,food,https://picsum.photos/seed/665/400/300,4.4,【产品特色】康师傅功能饮料，香甜浓郁，含乳量高，童年经典口味…
666,康师傅沙琪玛,69.64,food,https://picsum.photos/seed/666/400/300,4.9,【产品特色】康师傅沙琪玛，颗粒饱满，每日坚果补充营养…
667,洽洽矿泉水,61.35,food,https://picsum.photos/seed/667/400/300,4.8,【产品特色】洽洽矿泉水，薄脆鲜香，追剧必备零食…
668,伊利牛奶,86.32,food,https://picsum.photos/seed/668/400/300,4.2,【产品特色】伊利牛奶，香辣入味，休闲解馋小零食…
669,雅漾爽肤水,1594.24,cosmetics,https://picsum.photos/seed/669/400/300,4.1,【产品特色】雅漾爽肤水，定妆控油，细腻不卡粉…
670,香奈儿乳液,852.69,cosmetics,https://picsum.photos/seed/670/400/300,4.2,【产品特色】香奈儿乳液，舒缓敏感肌，补水定妆双用…
671,资生堂面霜,1294.48,cosmetics,https://picsum.photos/seed/671/400/300,4.2,【产品特色】资生堂面霜，舒缓补水，调节肌肤水油平衡…
672,科颜氏精华液,1878.04,cosmetics,https://picsum.photos/seed/672/400/300,4.2,【产品特色】科颜氏精华液，舒缓敏感肌，补水定妆双用…
673,洽洽功能饮料,58.55,food,https://picsum.photos/seed/673/400/300,4.8,【产品特色】洽洽功能饮料，松软香甜，早餐点心下午茶…
674,美的电烤箱,2351.57,home,https://picsum.photos/seed/674/400/300,4.2,【产品特色】美的电烤箱，除菌除螨，静音变频节能…
675,松下空调,2904.98,home,https://picsum.photos/seed/675/400/300,4.5,【产品特色】松下空调，除甲醛雾霾，智能联网控制…
676,迪奥喷雾,577.62,cosmetics,https://picsum.photos/seed/676/400/300,4.3,【产品特色】迪奥喷雾，提亮修护，深入肌底促吸收…
677,香奈儿眼霜,1319.84,cosmetics,https://picsum.photos/seed/677/400/300,4.6,【产品特色】香奈儿眼霜，舒缓敏感肌，补水定妆双用…
678,红牛坚果礼包,32.87,food,https://picsum.photos/seed/678/400/300,4.1,【产品特色】红牛坚果礼包，颗粒饱满，每日坚果补充营养…
679,松下扫地机器人,2164.51,home,https://picsum.photos/seed/679/400/300,4.6,【产品特色】松下扫地机器人，激光导航，自动回充洗拖布…
680,美的电饭煲,1397.3,home,https://picsum.photos/seed/680/400/300,4.7,【产品特色】美的电饭煲，除甲醛雾霾，智能联网控制…
681,SK-II口红,568.96,cosmetics,https://picsum.photos/seed/681/400/300,4.8,【产品特色】SK-II口红，舒缓补水，调节肌肤水油平衡…
682,红牛酸酸乳,64.41,food,https://picsum.photos/seed/682/400/300,4.4,【产品特色】红牛酸酸乳，松软香甜，早餐点心下午茶…
683,红牛矿泉水,60.92,food,https://picsum.photos/seed/683/400/300,4,【产品特色】红牛矿泉水，草莓味酸甜可口，饭后解腻…
684,老板落地扇,2543.58,home,https://picsum.photos/seed/684/400/300,4.7,【产品特色】老板落地扇，柴火饭模式，智能预约保温…
685,彪马运动T恤,401.32,sports,https://picsum.photos/seed/685/400/300,4.8,【产品特色】彪马运动T恤，抗菌吸汗，缓冲减震保护脚部…
686,九阳电热水壶,702.82,home,https://picsum.photos/seed/686/400/300,4.4,【产品特色】九阳电热水壶，除甲醛雾霾，智能联网控制…
687,伊利辣条,69.35,food,https://picsum.photos/seed/687/400/300,4.5,【产品特色】伊利辣条，巧克力夹心，扭一扭泡一泡…
688,匡威运动短裤,701.22,sports,https://picsum.photos/seed/688/400/300,4.2,【产品特色】匡威运动短裤，宽松速干，适合篮球健身训练…
689,方太空调,2932.59,home,https://picsum.photos/seed/689/400/300,4.4,【产品特色】方太空调，除甲醛雾霾，智能联网控制…
690,海尔电饭煲,2057.54,home,https://picsum.photos/seed/690/400/300,4.5,【产品特色】海尔电饭煲，柴火饭模式，智能预约保温…
691,老板落地扇,508.99,home,https://picsum.photos/seed/691/400/300,4.3,【产品特色】老板落地扇，多档风速，定时摇头送风广…
692,迪卡侬瑜伽垫,686.7,sports,https://picsum.photos/seed/692/400/300,4.2,【产品特色】迪卡侬瑜伽垫，6mm加厚，减震隔音不硌身…
693,北面运动鞋,579.13,sports,https://picsum.photos/seed/693/400/300,4.7,【产品特色】北面运动鞋，抗菌吸汗，缓冲减震保护脚部…
694,李宁睡袋,487.87,sports,https://picsum.photos/seed/694/400/300,4.3,【产品特色】李宁睡袋，缓震透气，适合长跑与日常通勤…
695,耐克运动短裤,1839.07,sports,https://picsum.photos/seed/695/400/300,4.2,【产品特色】耐克运动短裤，-10℃保暖，轻便易收纳…
696,格力电压力锅,954.69,home,https://picsum.photos/seed/696/400/300,4,【产品特色】格力电压力锅，静音节能不占地，冷藏保鲜…
697,红牛夹心饼干,83.98,food,https://picsum.photos/seed/697/400/300,4.8,【产品特色】红牛夹心饼干，松软香甜，早餐点心下午茶…
698,耐克羽毛球,575.98,sports,https://picsum.photos/seed/698/400/300,4.4,【产品特色】耐克羽毛球，宽松速干，适合篮球健身训练…
699,哥伦比亚运动短裤,1488.33,sports,https://picsum.photos/seed/699/400/300,4.4,【产品特色】哥伦比亚运动短裤，6mm加厚，减震隔音不硌身…
700,北面羽毛球拍,1033.59,sports,https://picsum.photos/seed/700/400/300,4.3,【产品特色】北面羽毛球拍，高弹性拍框，适合初学者…
701,乐事酸酸乳,63.01,food,https://picsum.photos/seed/701/400/300,4.8,【产品特色】乐事酸酸乳，香辣入味，休闲解馋小零食…
702,小米落地扇,1831.93,home,https://picsum.photos/seed/702/400/300,4.3,【产品特色】小米落地扇，一级能效，静音制冷制热快…
703,阿迪达斯瑜伽垫,1723.11,sports,https://picsum.photos/seed/703/400/300,4.8,【产品特色】阿迪达斯瑜伽垫，防水防风，适合登山露营…
704,探路者运动短裤,1530.62,sports,https://picsum.photos/seed/704/400/300,4.2,【产品特色】探路者运动短裤，大容量分层，背负系统减负…
